	symbols	parent
Wireline Non-US	CHA,MYTAY,MTENY,SPKKY,TLTZY,TEO	Utilities
Wireline - National	TDS	Utilities
Wireless Non-US	AVIFY,AMX,BB,CEL,CRNT,CHL,CHU,CHRYY,FXCNY,IRIDQ,KDDIY,KT,TIGO,MBT,MTNOY,DCMYY,ORAN,PTNR,PHI,RNET,SKM,SFTBY,FMHS,TIAIY,TLSNY,TIMB,TOWTF,TKC,VOD	Computer and Technology
Wireless National	ABWN,ATNI,CMBM,LUMN,CCOI,GLIBA,GOGO,LILAK,LILA,MFON,OTEL,PRXM,SITOQ,SYTA,SPOK,TNAV,TLLEQ,TMUS,UATG,USM,VZ,WINMQ,PEGX	Computer and Technology
Wireless Equipment	AIRO,ARCW,AVNW,BKTI,CNTFY,CNCT,CLFD,CMTL,ERIC,HTCXF,IDCC,JNPR,MSI,NOK,PCTI,QCOM,SCIXF,SWIR,SONM,WISA,UI,VSAT,WTRO,ZTCOY	Computer and Technology
Wireless - Regional - Rural	ALSK,CNSL,FTRCQ	Utilities
Wire and Cable Products	APWC,ATKR,BDC,DFTS,WIRE,HWCC,IIIN,RITT	Industrial Products
Waste Removal Services	ADSW,AQMS,BHTG,CHFFF,CREG,CLH,BBCP,GFL,GLYE,MEG,NWMH,NEWA,NVIC,PTOI,QRHC,RSG,RINO,SMSMY,SRCL,SENR,SUNC,TOMZ,TBLZ,TGGI,ECOL,WCN,WM	Business Services
Utility - Water Supply	AWR,AWK,ARTNA,CWT,SBS,CWCO,WTRG,GWRS,MSEX,PRMW,PCYO,SJW,YORW,TURV,VEOEY	Utilities
Utility - Gas Distribution	ATO,CPYYY,CPK,CLNE,CNIG,ENGGY,XNGSY,HOKCY,JE,MDU,NFG,NJR,NWN,OGS,OKE,SRE,SJI,SWX,SR,UGI,VCOGF	Utilities
Utility - Electric Power	AQN,ALE,LNT,AEE,AEP,AOMOY,AT,AY,AGR,AVA,BKH,BIP,BEP,CNP,EBR,CRPJY,CLPHY,CMS,CMNR,CIG,ELP,ELPVY,ED,DIPGY,DTE,DUK,EIX,ECIFY,EBR.B,ELLO,EDN,EOCCY,ENLAY,EDPFY,ENIC,EGIEY,ETR,EONGY,EUSP,ES,EVNVY,EXC,FE,FTS,ENGIY,GNE,GXP,HE,HNP,IBDRY,IDA,INGXF,KEN,KEP,MGEE,NGG,NEE,NI,NWE,NRG,OGE,OTTR,PCG,PAM,PNW,PNM,POLA,POR,HGKGY,PPL,PRHL,PEG,RDEIY,RWEOY,SO,SPKE,SUME,TNABY,TEZNY,AES,TAC,TRTI,UUGRY,UTL,VST,WEC,XEL	Utilities
Uniform and Related	CTAS,SGC,UNF	Industrial Products
Transportation - Truck	ARCB,CGIPQ,CVLG,FWRD,HTLD,JBHT,KNX,LSTR,MRTN,ODFL,PTSI,PATI,RRTS,SAIA,SMVE,ULH,USAK,WERN,YRCW	Transportation
Transportation - Shipping	AMKBY,ANWWQ,ASC,BBLKF,CPLP,CTRM,CICOY,CMRE,DAC,DHT,DSSI,DCIX,DSX,LPG,EGLE,VALPQ,EDRY,EURN,ESEA,FLNG,FRO,GLOG,GLOP,GNK,GSL,GLBS,GLNG,GOGL,GRIN,HMLP,INSW,KPELY,KEX,KNOP,MMLP,NVGS,NMM,NNA,NMCI,NM,NPNYY,NAT,HOFSQ,OMEX,OROVY,OSG,PCFBY,PANL,PRGNF,PME,PXS,SB,SALT,STNG,SMHI,SHWK,SHIP,SFL,SBLK,GASS,TK,TGP,TNK,TOPS,TRMD,TNP,ULTRF	Transportation
Transportation - Services	BEST,CHRW,CYRX,DSKE,DESP,DPSGY,DSDVY,DLNG,ECHO,EXPD,FGROY,GPP,PAC,ASR,OMAB,GTMAY,HTZ,HUBG,CLGZF,HYRE,PWFL,JANL,JGHAF,KHNGY,MATX,NXPGF,PACC,REVG,ROYMY,SNDR,SINO,SAGKF,SGRZ,TFII,USX,XPO,YAYO,ZTO	Transportation
Transportation - Rail	ALSMY,BOIVF,CNI,CP,CJPRY,CSX,GSH,KSU,NSC,PRRR,UNP,USDP,WJRYY	Transportation
Transportation - Equipment and Leasing	AL,AMMX,UHAL,TEUFF,CAI,FLY,RAIL,GATX,GBX,HRI,KIQ,NCTKF,TGH,AXLE,TRN,TRTN,WAB,WLFC	Transportation
Transportation - Airline	ACDVF,AIRYY,AFLYY,ANTE,ALK,ALGT,AAL,ALNPY,AZUL,BRSWQ,CPCAY,CEA,ZNH,VLRS,CPA,CAAP,DAL,DLAKY,EJTTF,VTOL,VIAAY,GOL,GLUX,HA,ICAGY,JAPSY,JETMF,JBLU,KLMR,LTMAQ,MESA,EVTNF,RYAAY,SKAS,BBAVY,SKYW,LUV,SAVE,SWRAY,TAWNF,UAL	Transportation
Transportation - Air Freight and Cargo	AIRT,ATSG,AAWW,AVH,FDX,RLGT,UPS	Transportation
Toys - Games - Hobbies	ATVI,BIGG,BHAT,EA,EOSI,GLUU,HAS,IENT,IPLY,JAKK,MJWL,MAT,NTDOY,PLGC,SSTRF,SOPK,TTWO,OART	Consumer Discretionary
Tools - Handheld	SCX,MKTAY,PFIN,QEPC,SNA,TTC	Consumer Discretionary
Tobacco	XXII,MO,BTI,ECIGQ,GLLA,IMBBY,JAPAY,PM,SWM,CHUC,TPB,UVV,VGR	Consumer Staples
Textile - Products	AIN,CTXIF,FRTN,LZENF,TRYIY,UFI	Industrial Products
Textile - Home Furnishing	CRWS,CULP,DNLMY,TILE,MHK,SIC,DXYN	Consumer Discretionary
Textile - Apparel	BLHI,APEX,COLM,CROX,DLA,DLTH,EVK,FORD,GIII,GIL,GRSXY,GES,HBI,BOSSY,IVDN,ICPWQ,JRSH,JLMC,KBSF,KTB,LULU,LVMUY,NAKD,NICH,OXM,PNGB,PVH,RL,RTW,TLRDQ,TALN,TBACQ,TBAKF,TFRFF,TINLY,TRUA,UAA,UA,VFC,VNCE,WACLY,WLFDY	Consumer Staples
Technology Services	QFIN,TTMZF,ACCD,API,SUIC,ALYA,ALPE,AMADY,AMRH,AUVI,APTV,IOTC,ALOT,ATLT,AEXAY,BCOR,BRQS,BOXL,BNR,BLOZF,CDLX,FUBO,CDTI,CSCW,SOS,CD,CLSK,PMTS,DADA,DTTLY,DGNOF,DGLT,DGIF,DPW,DOCU,DLPN,EDNMY,ESTC,EVTN,MRAM,AQUA,XELA,GB,FTHM,FNGR,FRSX,FUTU,FFRMF,GDS,BLKCF,BTBT,PAE,GPHBF,GSKY,GSX,HSC,CGLO,PPMH,HMI,ICLK,IDEX,IDXAF,ISMAY,INPX,INSE,IMTE,INS,IQV,JAMF,CRTD,JT,KNWN,KBNT,LAIX,LBUY,LKM,RAMP,LBCC,LOOP,LUNA,LKCO,TRNX,MSRT,MIND,MTC,MOGO,MKD,NNOX,NCCGF,NRILY,NTDTY,OERLF,TGHI,OCFT,PLTR,PSN,PKKFF,PALT,PT,KLDI,PS,PRTH,QK,QH,RXT,RQHTF,RNSHF,RIOT,RKT,RKFL,RUHN,SRMX,SAIL,BYRN,SSTI,SSNT,EDTK,WORK,SMGZY,SRAX,SPOT,SWCH,TTEC,TRI,GSMG,TOPCF,CRGS,TT,TUFN,VSTA,VERB,VSMR,VRME,VERI,VQSLF,VNT,WAFU,WANSF,WRTBY,WEBB,QTRHF,WCAGY,XPER,YEXT,DAO,ZVO	Business Services
Steel - Speciality	ATI,ARCH,CRS,HAYN,VLPNY	Basic Materials
Steel - Producers	ANIOY,ALJJ,APEMY,MT,AMSIY,CHOPF,CMC,EVRZF,GSIH,GGB,SIM,JFEEF,FSTR,MTL,SID,NPSCY,NUE,ZEUS,OUTKY,PKX,RYI,SZGPY,SCHN,SHLOQ,SSAAY,STLD,TX,TKAMY,TYEKF,TMST,USAP,USNZY,ZKIN	Basic Materials
Steel - Pipe and Tube	DBMG,HEBT,PPIH,MRC,MWA,OFLX,SYNL,TS,VMI,WEBC	Industrial Products
Staffing Firms	BGSF,HQI,CCRN,DLHC,JOB,HAYPY,HSII,NSP,KELYA,KELYB,KFRC,KFY,MAN,RANJY,RCMT,RGP,RHI,STAF,STREF,TEDU,TBI	Business Services
Solar	ASFJ,CNF,DJSP,EFC,ESNT,FNMA,FCIC,AGM,FMCC,JGWEQ,TREE,MMAC,NOVC,OCN,ORC,PFSI,TSLX,VEL,WD	Oils and Energy
Soap and Cleaning Materials	CHD,CL,EESO,HENKY,OBCI,PG,RBGLY,CLX,UN,UL	Consumer Staples
Shoes and Retail Apparel	ADDYY,ANPDF,CAL,CRI,DECK,EDSFF,FRAN,ICON,MCRAA,NKE,PXFG,RCKY,SQBG,SKX,SHOO,WEYS,WWW,XTEPY,YUEIY	Consumer Discretionary
Semiconductors - Radio Frequency	AKTS,MDIA,PRKR,QRVO,RESN,RFIL,SWKS,TWER	Computer and Technology
Semiconductors - Programmable Logic	XLNX	Computer and Technology
Semiconductors - Power	GRMS,POWI	Computer and Technology
Semiconductor Memory	MU,TERA	Computer and Technology
Semiconductor Equipment - Wafer Fabrication	AEIS,AMAT,ASML,LRCX	Computer and Technology
Semiconductor Equipment - Wafer Components	COHR	Computer and Technology
Semiconductor Equipment - Photomasks	FUJIY,PLAB	Computer and Technology
Semiconductor - General	ASYS,INTC,NVDA,DINRF,STM,SUOPY,TXN,THKLY	Computer and Technology
Semiconductor - Discretes	CREE,TOELY,VSH	Computer and Technology
Semiconductor - Communications	ASMIY,DSPG,MRVL,MWIS,NPTN,NDEKY	Computer and Technology
Semiconductor - Circuit Foundry	TSM	Computer and Technology
Semiconductor - Analog and Mixed	ADI,IPHI,MTSI,MX,MXIM,MXL,MCHP,MPWR,NXPI,ON,SMTC,SLAB	Computer and Technology
Security and Safety Services	ACGJ,ADT,ALRM,ALLE,ADSV,APT,APDN,ARGL,ASCMA,ASAZY,CITY,AAXN,BRTI,BRC,CAPC,CVAS,DAAT,DMRC,DGLY,EML,EKCS,FBHS,GFSZY,HLMAF,ICTSF,IDN,ITRN,JCI,LAKE,ATDS,MAGS,SCTY,MSA,NSSC,UEPS,NLOK,REZI,SKVY,SEVT,SPCB,UUU,VRRM,VSPC,VCON,WKEY,WRTC	Industrial Products
Security	FISB,ACNB,AMBZ,BANC,BANF,BCTF,BSCA,BOKF,CALB,CABB,CAIB,CCBC,CFR,FCBP,FFIN,FFWM,FHLB,GNTY,HABK,IBOC,LBC,MVLY,OPBK,PFBN,PCBC,PVBK,PCB,PBNK,PBAM,PB,RRBI,SCBH,SI,SBSI,TCBI	Computer and Technology
Securities and Exchanges	CBOE,CME,DBOEY,ICE,MKTX,NDAQ,OTCM	Finance
Schools	ATGE,AFYA,AMBO,APEI,AACG,BFAM,BEDU,PRDO,CATG,CLEU,MBAIF,CLCN,EDMCQ,EVCI,FEDU,GPX,GHC,LOPE,HLG,IH,LRN,LAUR,LTRE,LINC,LXEH,METX,NAUH,EDU,ONE,NEW,REDU,RYB,STRA,TAL,TIGE,UTI,VTRU,YOGAQ	Consumer Discretionary
Rubber - Tires	AMTY,BRDCY,CSHEF,CTB,LVLV,MGDDY,GT	Auto, Tires and Trucks
Rubber - Plastics	BOTX,CMT,CTIB,FLRAF,FORK,FFHL,MYE,PRLB,RDVA,RUNI,STCC,SINC,VULC	Industrial Products
Retail - Supermarkets	DIT,CRRFY,CBD,IFMK,IMKTA,JSAIY,JRONY,MAKSY,QKLS,TSCDY,KR,VLGEA,WMMVY,WMT,WMK	Retail and Wholesale
Retail - Restaurants	ICTPU,RLLY,ARCO,ARKR,BBUCQ,BH,BH.A,BJRI,BLMN,EAT,CBHR,TAST,CMG,CHUY,CMPGY,CBRL,DRI,PLAY,TACO,DENN,DIN,DPZ,DNKN,LOCO,BBQ,FAT,FRGI,BDL,FCCGD,GIGL,GTIM,GCFB,IPIC,JAX,JDWPY,JACK,KONAQ,KRUS,LATX,LUB,MCD,MHGU,MBPFF,GRIL,NATH,NROM,NDLS,PZZA,PBPB,RAVE,RRGB,QSR,RSTGF,RMCF,RUTH,SHAK,SSPPF,STRZ,SBUX,TXRH,CAKE,STKS,WEN,WING,YUM,YUMC	Retail and Wholesale
Retail - Regional Department Stores	DDS,JCPNQ,KSS,MAURY,BONTQ	Retail and Wholesale
Retail - Pharmacies and Drug Stores	CJJD,CVS,GNC,HLF,RXMD,RAD,WBA	Retail and Wholesale
Retail - Miscellaneous	BBBY,BGFV,BQ,BBW,CLWY,EFLI,DKS,FIVE,HIBB,ITOCY,KAR,KGFHY,HZO,ODP,RGS,SBH,SVNDY,MIK,TSCO,ULTA,WINA	Retail and Wholesale
Retail - Mail Order	FLWS,ATV,GPDB,NSIT,NLS,SKPN,WSTG	Retail and Wholesale
Retail - Jewelry	BRGO,BGI,CJEWY,CFRUY,ELA,KGJI,LKFLF,MDNL,MOV,SIGY,SIG,TIF	Retail and Wholesale
Retail - Home Furnishings	HOME,CSPR,ETH,HVT,HVT.A,KIRK,PIRRQ,RH,YGTYF,TPX,LOVE,WSM	Retail and Wholesale
Retail - Discount Stores	BIG,BURL,COST,DG,DLTR,FREDQ,PSMT,ROST,SHLDQ,TGT,TJX,TUESQ	Retail and Wholesale
Retail - Convenience Stores	CASY,FFPM,XXFPL,TA	Retail and Wholesale
Retail - Consumer Electronics	AAN,BBY,CONN,GME,GMELY,HGGGQ,SFIV,SOYO,SYX,TAIT,VVNT,DBUB	Retail and Wholesale
Retail - Computer Hardware	CNXN,SEDN	Retail and Wholesale
Retail - Catalog Shopping	LE	Retail and Wholesale
Retail - Apparel and Shoes	TSIOF,ANF,AEO,ASNAQ,BEBE,BHOOY,BOOT,BKE,BURBY,CACH,GOOS,CPRI,CATO,CTRCQ,CHS,CHDRY,CBKC,CTRN,DBI,DESTQ,DXLG,ESPGY,EXPR,FTCH,FL,FOSL,GCO,HNNMY,IDEXY,JILL,PPRUY,LB,LEVI,LNNGY,MNSO,MOGU,MVBY,NXGPY,JWN,PRVU,SCVL,SPWH,SSINQ,SMRTQ,SFIX,SEPGY,TLFA,TPR,PLCE,GPS,TLYS,URBN,VRA,WLWHY,XELB,ZUMZ	Retail and Wholesale
Real Estate - Operations	PIOE,AOXY,ARL,AQQSQ,BRST,BRRE,BOMN,BRMSY,BRER,BAM,COWP,CPTP,CLLDY,CBRE,CDEVY,CKX,CIGI,CTO,CYWDF,CWK,DIFTY,DWHHF,EACO,EMITF,EPRT,EXPI,DUO,FSV,FRPH,GNGT,GEAHF,GRIF,GYRO,HNLGY,HLPPY,HLDCY,HIHI,GENH,IOR,IEA,ITUP,IRCP,MAYS,JLL,BEKE,KW,LMRK,LEGIF,LEGH,LEJU,BATRB,BATRA,BATRK,LSLPF,MLP,MDJH,MJNE,NEN,NMRK,NXCLF,PMT,DNK,PRPPF,RLGY,RDFN,RMAX,RVI,SFEF,SHABF,SIHBY,SNLAY,STRS,SUHJY,TAYO,TRC,TPL,RMR,TRTX,TPHS,UTGPF,VONOY	Finance
Real Estate - Development	TACI,AGPYY,BTDPY,BKGFY,BPY,HGSH,CTRYY,CYRBY,FPH,FOR,GZTGF,GPEAF,GRBK,GRWC,HCDI,HDVTY,HNGKY,HHC,IRS,LSGOF,LGIH,MMI,MITEY,NTP,NDVLY,OBAS,PDGRY,PICO,PACQF,RNHEF,RNTL,SOHOF,JOE,STBV,INTG,TCI,XIN	Finance
REIT and Equity Trust - Retail	AKR,ADC,AAT,BRX,BPYU,CBL,EPR,EQIX,FRT,HGPI,KIM,KRG,KLPEF,MAC,NNN,NYC,PEI,REG,ROIC,RPAI,BFS,SPG,SITC,CWYUF,STOR,SKT,TCO,UE,UBA,UBP,WPG,WRI,WHLR	Finance
REIT and Equity Trust - Residential	AIII,ACC,AMH,AIV,AHH,AVB,BRG,BOWFF,BNL,BRT,CPT,ELS,EQR,ESS,RESI,IRT,IIPZF,INVH,MRTI,MAA,SNR,NXRT,OPI,GADS,APTS,RPT,SRC,SUI,UMH,UDFI,UDR	Finance
REIT and Equity Trust - Other	RHE,ALEX,ALX,ARE,PINE,AFIN,AMT,COLD,APLE,ABR,AHT,BXP,BHR,BDN,BTLCY,CTRE,CDR,CLDT,CIO,CLPR,CLNY,CXP,CHCT,CDOR,CORR,CPLG,COR,OFC,CXW,CUZ,CCI,CUBE,CONE,DWVYF,DRH,DLR,DEI,DRE,DEA,EGP,ESRT,EQC,EXR,FPI,FR,FCPT,FSP,GLPI,GECFF,GEO,GTY,LAND,GOOD,GMRE,GNL,SELF,GRP.U,HMSNF,HR,HTA,PEAK,HT,STLY,HHDS,HIW,HMG,SVC,HST,HPP,ILPT,IIPR,IRET,IRM,JBGS,KREVF,KRC,LAMR,LXP,LSI,LTC,CLI,MDRR,MPW,MGP,MNR,NHI,NSA,NTST,OHI,OLP,OUT,PCFO,PRLE,PGRE,PK,PEB,DOC,PDM,PLYM,PSTL,PW,PDNLB,PLD,PSB,PSA,QTS,RASFQ,REXR,RLJ,RHP,SBRA,SFSHF,SBAC,SEGXF,DHC,SRG,SLG,SOHO,STAG,INN,SHO,SURVF,TRNO,UNIT,UHT,VTR,VER,VICI,VNO,WRE,WELL,WSR,WPC,XHR	Finance
REIT and Equity Trust	MITT,AGNC,ASPS,NLY,ANH,ARI,ACRE,AAIC,ARR,BMNM,BXMT,BRMK,CMO,CHMI,CIM,CMCT,CLNC,CVHL,DVLN,DX,ELCI,ECRO,EARN,XAN,GPMT,AJX,HASI,HCFT,IMH,IVR,STAR,JERT,JCAP,KREF,LADR,MFA,NRZ,NYMT,NREF,RC,RWT,SAFE,STWD,TWO,VRTA,VRTB,WMC	Finance
Publishing - Periodicals	JOBS,AXR,MDP,MAHI,PEDH	Consumer Staples
Publishing - Newspapers	AHC,ACNI,DJCO,LEE,MNIQQ,NYT	Consumer Staples
Publishing - Books	EDUC,PDYPY,JW.A,JW.B,SADL,SCHL,SQNXF,WTKWY	Consumer Staples
Precious Metals and Jewels	AMRK,ATYM,CTHR,JADA,SPGZ	Consumer Discretionary
Pollution Control	ADES,ARTR,ALAN,AWX,BEES,BEVFF,HCGS,CWST,CECE,CIWT,CXIA,EXSO,DCI,EAUI,ESPHQ,ERII,CLWT,FTEK,GLEC,GPRC,HEOFF,HCCI,IBAL,KNOS,LIQT,MPHD,MEEC,MPML,OCLN,PESI,IGSC,QSEP,SCPJ,SYEV,SMED,SPMI,TTEK,UNDT,VTNR	Industrial Products
Paper and Related Products	BPMI,CLW,DITHF,UFS,HAIPF,IP,ITP,KCDMY,KLBAY,MERC,MONDY,NP,PACK,TISUQ,RFP,SPPJY,SMFKY,SEOAY,SGMD,SUZ,VRTV,VRS,WRK	Basic Materials
Paints and Related Products	CCF,FAME,NPCPF,RPM,SLIF,SHW	Construction
Outsourcing	AHEXY,ATTO,ADP,AVCO,BBSI,BCO,BR,CGEMY,CCRC,CNDT,CTYX,EXLS,GTCH,HSON,PAYX,IPDN,RRD,SRT,SYKE,TNET	Business Services
Oil and Gas - Speciality - International	TPLMQ,VLOWY	Oils and Energy
Oil and Gas - Royalty Trust - United States	BPT,CHKR,CRT,DMLP,ECTM,HGTXU,KRP,MARPS,MTR,MVO,NRT,ROYTL,PBT,PVL,POGS,SBR,SJT,SDTTU	Oils and Energy
Oil and Gas - Refining and Marketing - Master Limited Partnerships	CLMT,CAPL,FGPR,GEL,GLP,GMLP,NGL,PSXP,SRLP,SPH,SUN,TRGP,WES	Oils and Energy
Oil and Gas - Refining and Marketing	ABLE,AE,PTTN,AMCF,CVI,DK,ENLC,GLPEY,GNPG,HFC,TELL,MPC,MNELF,MUSA,PARR,PBF,PSX,RGCO,SYNE,TENG,VLO,INT	Oils and Energy
Oil and Gas - Production and Pipelines	ALTM,CQP,CHNGQ,DCP,ENB,ENGT,FI,HEP,KMI,MPLX,PBA,PAGP,TIDE,TGS,UGP,WMB	Oils and Energy
Oil and Gas - Production Pipeline - MLB	ATLS,BPMP,ENGY,CEQP,DKL,ENBL,ET,EPD,MMP,NEXT,NS,OMP,PBFX,PAA,SHLX,SMLP,TCP	Oils and Energy
Oil and Gas - Mechanical and and Equipment	CTBG,DRQ,ENYNF,EXTN,FET,GIFI,IO,JUTOY,MTRX,NOV,NGS,DNOW,OIS,PED,PFIE,RCON,SDPI,SPNX,USAC,WFTIQ	Oils and Energy
Oil and Gas - Integrated - United States	AM,WHD,COP,EPSN,ETRN,HES,LNGLY,MRO,NES,OXY,PRT,PQEFF,PSTRQ,RTLR,SD,TGC,TDW,TAT	Oils and Energy
Oil and Gas - Integrated - International	BP,BAK,CNNEF,CVX,DGRLY,XOM,FUPBY,GZPFY,OGZPY,GEOR,INDO,LUKOY,NFE,OMVJF,PTR,PSJEY,PMOIY,REPYY,RDS.A,RDS.B,SSL,SGTZY,TOT,VIST,WOPEY,YPF	Oils and Energy
Oil and Gas - Integrated - Emerging Markets	SNP,CEO,EC,PBR,PBR.A	Oils and Energy
Oil and Gas - Integrated - Canadian	CVE,GBNXF,IMO,SU	Oils and Energy
Oil and Gas - Field Services	ALYE,AROC,BKR,BASX,BKEP,CDVIQ,CRRTQ,CSSV,CGGYY,CLB,CCLP,DWSN,DPDW,ESESQ,EMESQ,ENSV,FTK,FSNR,GLRI,HAL,HLX,HOSSQ,NEX,KLXE,LBRT,LIN,TUSK,NCSM,NR,NINE,NSFDF,OII,FLMN,POFCY,PGSVY,PUMP,RNGR,RFMK,RES,SAEXQ,SLB,CKH,SDRLF,WTTR,SND,SOI,SUBCY,FTI,TEGR,TTI,UNTCQ,USWS,VYEY,WEEEF,WGRP,WWNG	Oils and Energy
Oil and Gas - Exploration and Production - United States	AXAS,AERN,ALOD,AMRQQ,ALTX,AEGG,AMPY,AR,APA,AREXQ,AXPLF,GRVE,BRN,BATL,BRY,BLMC,BLGO,BDGR,ANFC,BDCO,BCEI,BNXR,COG,CRC,CPE,CRBO,CAVR,CDEV,CYPE,LNG,CHKAQ,XEC,CNX,COCBF,CIEIQ,CRK,CXO,MCF,CLR,CORC,XBOR,DLOV,DEN,DVN,FANG,ESTE,MR,EOG,EPEGQ,EQT,ERHE,ERINQ,EPM,XCOOQ,XOGAQ,FARYF,FPPP,FTSI,GPRK,GLRP,GDP,GPOR,GSPE,HPK,HPR,HKNI,HENC,HMLA,HUSA,HDYNQ,IXOG,IFNY,JONE,ROSEQ,LPI,LGCYQ,LLEXQ,LONEQ,CEI,MGY,MTDR,MXC,MCEP,MNVN,MUR,GBR,NBLX,NOG,OASPQ,OEDVQ,PHX,PE,PGYC,PDCE,PVAC,PTRO,PQUEQ,PGPM,PXD,PNRG,PROP,QEP,TRXO,RRC,EUBG,REOS,REI,RVDO,RCKE,RRRI,SNECQ,SNMP,SDRMU,PERS,SVSE,SBOW,SKPI,SM,SWN,TALO,STTX,SNDE,TNKY,TOPZ,TRCH,TCEC,UPLCQ,UVSE,USEG,VKIN,VNOM,VOC,WCYN,WACC,WLL,WHZT,GWPC,WPX,WTI,YUMAQ,ZAZA,ZNOG	Oils and Energy
Oil and Gas - Exploration and Production - International	BCHEY,CRNCY,ENQUF,GEGYY,HRCXF,IPXHY,KOS,KLYCY,LEKOF,NSTRY,PTHRF,SOCLF,TUWOY,EGY,VET	Oils and Energy
Oil and Gas - Exploration and Production - Canadian	AOIFF,AETUF,BTE,BIREF,BNEFF,BPIGF,CNQ,CPG,DWOG,DXIEF,ERF,FECOF,GTE,IPOOF,OBELF,OVV,PDGO,PRMRF,SOQDQ,SPRL,TGA,TCFF	Oils and Energy
Oil and Gas - Drilling	AAVVF,BORR,DOFSQ,HP,ICD,KEGX,VOPKY,NBR,NSLPQ,NE,NADLQ,PACD,PKDC,PTEN,PESXQ,PDS,ROYL,SAPMF,SDLPF,RIG,VTGDF	Oils and Energy
Office Supplies	ACCO,AVY,CIIG,CIX,EBF,ZCOM,XRX	Industrial Products
Office Automation and Equipment	CAJ,KNCAY,PBI,RICOY,SEKEY	Computer and Technology
Nanotechnology	NMGX,CBNT,MHTX,BTZI,XDSL,NNDM,ONTO,OXINF,QTMM	Computer and Technology
Mining - Silver	AXU,AHNR,ASM,BVN,EXK,AG,FSM,FNLPF,GPL,HL,HCHDF,MAG,PAAS	Basic Materials
Mining - Miscellaneous	ADMG,AWCMY,AREC,AMNP,APEOF,USAS,AOVTF,NGLOY,AMNL,AUNFF,AVLNF,BBL,BHP,RIINF,MNRL,CCJ,BAJFF,IZCFF,CNYCF,CSFFF,CDYCF,CELTF,CEGMF,CHGS,CHNR,CINR,CLF,CVIA,DYLLF,DNN,DMIFF,DMDD,CLTS,EMX,EXPL,NSRCF,ERLFF,EXN,FCGD,FMNJ,GMOL,GLNCY,AUMN,GPXM,GRYEF,MOCI,HCR,HBM,IAALF,IMPUY,ITRG,NILSY,BHLL,LTUM,LMRMF,LYSDY,MTRN,MUX,MTA,MPVDF,HYMC,NJMC,NEM,NEXA,NXE,ONXC,EORBF,OROCF,PBMLF,NMTLF,PALAF,PNRLY,PLL,PLG,PLM,AUCOY,PEMIF,QTRRF,QRMLF,REEMF,RIO,SFEG,SRCH,SLSDF,SBSW,SMTS,SVBL,SSRM,SVM,SILV,XPL,SOUHY,TINO,TGB,TECK,TLRS,TMQ,TRQ,URG,UEC,WWR,SLCA,VEDL,WMLLF,WRN,WSTRF,WPM,ZADDF,ZENYF,FPLSF,ACH,AMLM,ARREF,CDIIQ,LEU,CDE,UUUU,FQVLF,FCUUF,FCX,KZMYY,LUNMF,PZG,PENMF,SCCO,SMPR,HREEF,THRA,THMG,TOEYF,UAMY,VOHO	Basic Materials
Mining - Iron	AMLZF,AXXDF,FSUGY,KIROY,MSB,VALE	Basic Materials
Mining - Gold	ABGLF,AEM,AGI,AAU,AIVN,AGCZ,AU,GAU,FURY,BTG,BAA,GOLD,BFGC,CMCL,CBLRF,CRDNF,LODE,KOR,DTRC,DRD,DPMLF,EGO,EQX,FNV,GFI,GDRZF,GORO,GSV,GSS,GLDG,GYPHQ,HMY,IAG,THM,IPMG,JAGGF,KGC,KL,LONCF,MMX,MXSGD,MGHCF,NGD,NCMGY,RCCMF,NAK,NG,OROXF,OR,PGXPF,PVG,RVNG,RGLD,RYSMF,BNAUF,SAND,SA,SLGGF,TRX,TGMGF,URHG,USAU,VGZ,AUY,ZOM	Basic Materials
Metal Products - Procurement and Fabrication	SKFRY,AMGY,AP,CENX,CIR,ELGT,FRD,EAF,HIHO,KALU,LQMT,MLI,NANX,NNBR,NHYDY,NWPX,NPSKY,OLNCF,SGTN,SIDGQ,TPCS,TKR,TRS,WOR	Industrial Products
Metal Products - Fasteners	PKOH	Industrial Products
Metal Products - Distribution	AA,AREM,ARNC,CSTM,LAWS,MITSY,NORNQ,RS	Industrial Products
Medical Services	AGHC,AIH,AMBS,AMN,AMFPF,AMEH,ATMS,MYDP,ARHH,AVTR,BGMD,BIOC,BICX,BMXMF,BEAT,CGIX,CANL,CDNA,CPYT,CBSC,CRL,CO,CODX,CMPS,DMTK,CCEL,QDMI,ESTA,ERFSF,FCHS,GNGBY,GDRX,GRST,HROW,HQY,TVTY,ICOTF,ICLR,IDXG,LAXAF,LHCG,MEDP,MPLN,NTRA,NFH,NMHLY,NVCR,OCX,OPGN,ORTIF,PFHO,PPD,PRAH,PINC,PGNY,QBIO,SRGA,SY,SGRY,TAUG,TDOC,UDHCF,CNABQ,WCUI,XSPA,ZICX	Medical
Medical Info Systems	TXG,YI,ONEM,MDRX,AMWL,APYI,AXNX,BTCY,CRVW,CNTG,CERN,CHNG,CPSI,CRRVF,DECN,DIGP,DRAD,MOHO,FLGT,HCAT,HMSY,INSP,NVTA,IRTC,ITMR,LVGO,MXDHF,MCTH,MGTI,MHCC,MOTS,MTBC,NH,NXGN,OMCL,OM,PPRG,PHR,PPJE,POAI,PRED,LUNG,RNVA,SDGR,SENS,SSKN,STRM,SYNH,TRHC,PRPO,MITI,POTN,ZCMD	Medical
Medical - Products	ABT,ABCZY,ASNB,AGIO,AKER,AKSY,ABMC,APHA,ATRC,ACB,VIVXF,BAX,BRBR,BLFS,ACAI,BIO,BSX,APYX,BWAY,CGC,CAPR,CSII,CBAI,CLRB,CERS,PHGE,CEMI,CMRX,CMPD,HSTO,CTSO,AHCO,DDXSQ,DSRLF,EGRX,GRUSF,NVST,UPDC,ESLOY,EOLS,EXDI,XGN,VERU,FTLF,FPMI,FONR,HUGE,FWDG,GNWSF,GNAL,GLUC,GNNDY,TGODF,GHSI,GTHP,GWPH,HAE,HRBR,HRTT,HMGN,HEXO,HRC,HCM,HYBE,ICUI,ICCC,INFU,IGNT,INMD,PODD,NVIV,JNMB,LNTH,LMAT,LHSIF,LFPI,LZAGY,MGNX,MZEIQ,HCYT,MDT,VIVO,MTST,KERN,MYO,NSTG,EYE,NEOG,NEPH,NEPT,NURO,NTRP,BIMI,NUVA,CPTRF,OMER,OCLG,ORMP,OSUR,OGI,OMI,PCGR,PRGO,PETQ,PAHC,PSID,PURE,QTRX,QTXB,QDEL,RBCL,RGBOQ,RMD,RMTI,SNWV,SEIGY,SNES,SHWGF,SNN,SSUR,SYK,SNPTF,SURF,SRDX,TXSP,TRUMY,KOAN,TGTX,TDNT,TRIB,UEEC,UG,ULGX,UTMD,VLRXQ,VAPO,VREX,VMD,WEQL,WILYY,SMTI,ZBH,ZYXI	Medical
Medical - Outpatient and Home Healthcare	AACH,ADUS,AMED,ARA,BIOQ,CTHZ,OTRK,CEVE,CHE,DVA,DXR,ELAN,EHC,FSNUY,HNGR,HMNY,IMAC,BBAL,OSH,OPCH,PCHM,PMD,DGX,QHCQQ,RDNT,SNRR,PNTG,UDHI,USPH	Medical
Medical - Nursing Homes	BKD,CSU,CCM,DVCR,FVE,GEN,NHC,ENSG	Medical
Medical - Instruments	ABMD,AXDX,ARAY,EQUR,ADMT,ABMT,IWKS,ALC,AHPI,ATEC,ALRT,ADLI,AMS,ANGO,APEN,ARTH,ARYC,ATOS,AVNS,AVGR,AXGN,BASI,BNKL,BSGM,CMD,CGNH,CHEK,CHFS,RYMDF,CTTC,CFMS,CVALF,CRHM,CRY,MDIT,MTTCF,DRIO,DCTH,DXCM,DXTRQ,DYXC,MEDH,DYNT,EAR,ECTE,EDAP,EW,EKSO,ELMD,EKTAY,ECIA,NDRA,RSLS,ERBA,FLDM,FMS,GNMK,GKOS,GMED,HSDT,HOLX,HTGM,HDII,IDXX,IMRSQ,NARI,NEMD,INGN,NSPR,ITGR,IART,INAR,XENT,ISRG,IRMD,KMLXF,IVVI,LNSR,LLIT,LIVN,EVARF,LMNX,MAGAA,MNSF,MASI,MDFZF,MLAB,MBOT,MICR,CLPT,NAOV,NTUS,NAVB,NMRD,NVCN,STIM,NVRO,NWCI,NXNN,NHNKY,NIMU,NVTRQ,OBLN,OCPNY,OPK,OFIX,OMRX,KIDS,OXFD,PMDL,PACB,PDMI,PAVM,PEN,PECN,POSC,PEYE,LENSF,PBIO,PUMD,PLSE,QTNT,RMED,KRMD,VERO,RWLK,SARTF,SPNE,EYES,SMLR,SRTS,SEOVF,SWAV,SIBN,SIEN,SILK,SINT,SOLY,SONVY,EDTXF,SCIE,SPEL,STXS,STE,SSMXY,TTOO,TCMD,TNDM,TDLAF,TEAR,TFX,TMO,TMDI,TRXC,TMDX,VAR,VSMD,VASO,VCYT,VRSEF,AWH,VRTT,VRAY,VIVE,WMGI,XCRP,XTNT	Medical
Medical - Hospital	ACHC,CHCR,RCEL,CYH,HCA,MD,OPMC,SSY,THC,UHS	Medical
Medical - HMOs	AEMD,GNOW,ANTM,CNC,FPCG,HUM,LPTC,MGLN,MOH,HLTH,SEM,JYNT,GTS,UAHC,UNH	Medical
Medical - Generic Drugs	ACST,ACUR,ADMS,AGRX,AKRXQ,AMPH,APNHY,ASMB,BTCA,BHC,BBIO,CBPI,CHME,CPHI,CBAY,RDY,EVOK,GBIO,GBIM,FIXX,IPAH,MNKKQ,MYL,PARNF,PSNL,PRVL,SLGL,SUWN,SUPN,TRGM,TSHA,TLGT,TEVA,VYGR,ZYNE	Medical
Medical - Drugs	ACRX,ACHV,ACRS,ATNM,ACUS,AFIB,ADMP,ADXN,FENC,KDNY,AAAP,AOLS,AERI,AGE,AKBA,ALDX,AGYTF,ALVR,ALSE,ALT,AOBI,AMRX,AMPE,AOXG,APM,AQST,ARDMQ,ARDX,ARWR,TARA,ASRT,ALPMY,AUPH,EARS,AVDL,ATXI,AXMP,AYLA,AZYO,BXRX,BLCM,ENLV,BIOAF,BCRX,BLRX,BMRA,BPTH,BSTC,BSPM,BIVI,BDTX,BTHE,CALA,CALT,CANF,PKPH,CTST,CDXI,CASI,SAVA,CTLT,CPRX,CSBR,CCXI,CNBI,SXTC,CTXR,CLIGF,COLL,CNCE,CXRXF,CFRX,CRBP,CORT,CRNX,COTQF,CRON,CTIC,CPIX,CURR,CVSI,CYAN,CYDY,PSTV,PLXP,DGJI,DRRX,DYN,ESALY,ECOR,ELTP,EMIS,ENTA,ENDP,ETTX,ESPR,EPIX,EVTCY,EYEG,FGEN,SLRX,FLXN,FWP,FUSN,GALT,GLMD,GSAC,GNBT,GNCA,GLYC,CPMD,GRFS,ONCT,HJLI,HARP,HESG,HTBX,PCSA,INTI,AIM,HRTX,HKMPF,HSTC,HYPMY,IAGX,IMGN,IMV,IGC,INVVY,INFI,IPHYF,NSPX,INBP,IGXT,IPCIF,IYXI,IONS,IPSEY,IRWD,ISR,ITRM,JAGX,JAN,JAZZ,JNCE,KALV,KPTI,KMPH,KTOV,LJPC,LCI,LPCN,LTUS,LYRA,MBVXQ,MDGL,MTEX,MRNS,MRKR,MTNB,MCUJF,MDWD,MEIP,MLNTQ,VYNE,MKGAF,MTP,NERV,MRVT,MTEM,NNVC,NAII,NATR,NKTR,NEOS,NTII,NBIX,NEVPF,ALPN,NBY,NOVN,NVUS,NTRB,PMCB,NRIFF,OASMY,OCUL,ODT,OMBP,ONTX,OPHLF,ACER,OPNT,OPTN,ORGO,ORINY,OTIC,PHLI,PCRX,PRFX,PTHN,PHRX,PXSLY,WWHC,BETRF,PVTTF,PMVP,PTE,POLXF,PYPD,PARD,PXYN,PRLD,PRVCF,PROF,PROG,PRPH,PRTX,PTCT,RDUS,RFL,RCDTF,REPH,RDHL,RGLS,RLAY,RLMD,RNUGF,RVMD,RIGL,QLGN,RCPIQ,PHIO,SAGE,SVRA,SCYX,TYHT,SRRA,SIGA,SLN,SKVI,SLNO,SNOA,ONPHD,SPPI,STDAF,SMMT,SNDL,SYVC,TLC,TAK,TARO,TCRR,TXMD,TBPH,TBET,TLRY,TNXP,TBIO,TCDA,TRIL,ASPCF,TPTX,TYME,UCBJF,ULUR,UTHR,USNA,VXRT,VEGPF,VRCA,BBI,VOQP,XNCR,XBIO,XERS,XTLB,LRMR,ZTS,ZGNX	Medical
Medical - Dental Supplies	ACETQ,ALGN,ABC,ATRS,ATRI,AVTI,BDX,BIOL,CAH,CNMD,XRAY,ELGXQ,ESMC,FZMD,GRCU,HSIC,IVC,LH,LANZ,LFVN,MCK,MMSI,MLSS,PDCO,PDEX,QMED,REMI,RVP,SCRCQ,SGTI,SEYE,SDC,STLT,STAA,SAUHF,COO,HCMC,WST	Medical
Medical - Biomedical and Genetics	ETNB,ABEO,ACIU,ACAD,XLRN,AKAOQ,ACOR,ALIOF,ADAP,ADPT,ADCT,ADDXF,ATRX,ADIL,ACET,ADMA,ADOCY,ADLS,ADXS,ADVM,AGLE,ARPO,AEZS,AFMD,AFFY,AGEN,ALRN,XAIR,AKTX,AKRO,AKUS,ALBO,ARCT,ALEC,ALXN,ALGS,ALIM,ALKS,ALLK,ALNA,ADYX,ALLO,ALNY,ALXO,AMAG,AMAR,AMRN,USAQ,AMGN,FOLD,POWW,ARMP,AMYT,ANAB,AVXL,ANCN,SOAN,ANIP,ANIK,ANIX,ANNX,ANVS,ANPC,ANTH,ATBPF,RZLTD,APLS,APLIF,AGTC,AMTI,APLT,APRE,SEEL,APVO,APTX,APTO,AQB,NLTX,ARAV,ABUS,ABIO,RCUS,ARQT,ARNA,ARGX,ARDS,ARTL,ARVN,ARYX,ASND,ASLN,ATRA,ATNX,AHROQ,ATHX,ATHA,BCEL,PTIX,LIFE,AUTL,AVXT,AVEO,CDMO,RNA,AVRO,AXLA,AXGT,AXSM,AYTU,AZRX,BPMUF,BVNRY,BEAM,BGNE,BLPH,BLU,BNTC,BLI,BYSI,BCYC,BCDA,BDSI,BFNH,BFRA,BIIB,BHVN,USRM,BMRN,BNGO,BVXV,BNOEF,BNTX,TMBR,BIO.B,BRTXQ,BSTG,TECH,BTAI,BIXT,XYNO,BLUE,BPMC,BCLI,BCTXF,BMY,CCCC,CABA,CLBS,CAPS,CARA,CRDF,CRXM,CSTL,CATB,CBIO,CRPOF,CELC,CLDX,APOP,CLLS,CBMG,CVM,CLSN,CYAD,CERC,THMO,SONN,CMPI,CKPT,CHMA,CBPO,CHHE,CDXC,CDTX,CLSD,CBLI,CLVS,CNSP,COCP,CDXS,CDAK,CWBR,CHRS,CLGN,CGEN,CNST,HEPA,CRMD,RSPI,CRTX,CRVS,CRSP,CSLLY,CTDH,CUE,CVAC,CRIS,CYCC,CYCN,CYYNF,CYTK,CTMX,CYTR,DARE,DBVT,DCPH,KTRA,DGEN,DNLI,DMAC,DRNA,DNAG,DYAI,DVAX,ETST,ABVC,EDSA,PDSB,EDIT,EIDX,EIGR,EMBI,EBS,EMMA,ENDVD,ENOB,ENTX,ERGO,ENZ,ENZN,EPRSQ,EPZM,EQ,ERYP,ETON,EVLO,EVGN,EXAS,EXEL,XCUR,EYEN,EYPT,FATE,FPRX,FMTX,FBRX,FBIO,FRLN,FREQ,FULC,GTHX,GLPG,SLS,GRTX,GMDA,GNLKQ,GENE,GTH,GNFT,GNMSF,GMAB,GNPX,GOVX,GERN,GILD,GBT,GOSS,GRAY,GLSI,GRTS,GH,HALO,HAPP,HRMY,HDVY,HXBM,HBPCF,HSKA,OCGN,HOOK,HZNP,HOTH,IBIO,IDYA,IDRA,IGNE,IGMS,ILMN,IMAB,IMRA,IMNPQ,IMUX,IMUC,IMNM,IMMU,IMVT,IMRN,INCY,IFRX,INBX,INMB,IPHA,NMTR,RCKT,INO,INZY,INSM,NTEC,NTLA,ICPT,ISCO,ITCI,PGEN,IVA,INVO,IOVA,IRBS,ITOS,ISEE,KDMN,KALA,KLDO,HGEN,KMDA,KRTX,KROS,KZR,KIN,KNSA,KRBP,KOD,KRON,KRYS,KURA,KYMR,LTRN,LPTX,LEGN,LXRP,LXRX,LGND,LCTX,LQDA,LOGC,LUMO,MPHMF,MGTA,MNKD,MATN,MDNA,MNOV,MGTX,MREO,MACK,MRSN,MRUS,MESO,MTCR,MIST,MDXG,MRTX,MIRM,MMRF,MRNA,MBRX,MNPR,MORF,MOR,MTFB,MBIO,MYMX,MYOK,MYOS,MYOV,MYRX,MYGN,NBRV,NNBP,NK,NEO,EVFM,SNCA,NRBO,NWPHF,NXEN,NXTC,NGM,NICXF,NKTX,NWBO,NVAX,NSTM,KZIA,NCNA,NRIX,NPHC,NLBS,NYMX,OBSV,NBSE,OTLK,ONCY,ONCR,ONCS,OPT,OGEN,ORTX,ONVO,ORGS,ORIC,ORPH,OSMT,MLND,OVID,OXBDF,GTBP,OYST,PTN,PANC,PAND,PRTK,PASG,PFND,PDLI,PHMMF,PHGUF,PHAS,PZRXQ,PHAT,PIRS,PXRB,PLAG,PLRX,PSTI,PSTX,PXXLF,ATHE,PRAX,DTIL,IMMP,LMNL,ARFXF,PPCB,PRQR,PTGX,PLX,PTI,PRTA,PPMD,PVCT,PRVB,PULM,PBYI,QGEN,QNNTF,QMDT,RAPT,RETA,REGN,RGRX,RGIN,RGNX,RCAR,RPTX,RGEN,REPL,RGDXQ,DFFN,RTRX,RVNC,WOWU,REXN,RYTM,ROSGQ,RUBY,SGMO,SRPT,STSA,SRRK,SCPH,SGEN,SELB,ELOX,MCRB,SESN,STTK,SNNAQ,MGEN,SBMFF,SVA,SLDB,SNGX,SPHS,SRNE,SPRO,AIKI,SBPH,SWTX,SPRB,SPHRY,MITO,STOK,SBBP,SNBP,SNSS,STRO,BIOVF,SNDX,SYBX,SYN,SYNI,SYRS,TARS,TELA,TENX,TNGNQ,TLOG,TFFP,TRPXD,THTX,TTNP,TLSA,IMUN,TCON,TRVN,TRVI,TWST,RARE,QURE,UBX,COGT,URGN,UROV,VCNX,VNDA,VBLT,PCVX,VBIV,VSTM,VCEL,VRNA,VRTX,VGLS,VIAP,VIE,VKTX,VIR,VTGN,VBIO,VODG,VVUSQ,VNRX,VTVT,WVE,WHCA,WINT,WIZP,XFOR,XBIT,XENE,XOMA,YBAO,YMAB,ZLAB,ZEAL,ZLDPF,ZNTL,ZIOP,ZIVO,ZSAN,ZYME	Medical
Media Conglomerates	FWONA,FWONK,FWONB,MDIUY,PSO,SEGI,DIS	Consumer Discretionary
Manufacturing - Tools & Related Products	AMDLY,EBON,EPAC,HURC,KMT,LECO,SDVKY,SMIT,SWK,TTNDY	Industrial Products
Manufacturing - Thermal Products	BYPLF,GENC,JBT,PNR,ZBRA	Industrial Products
Manufacturing - Print	DLPX,IKNX,XONE,EDNT	Industrial Products
Manufacturing - Material Handling	CMCO,DSCSY,HY,PGNT,BWOWF	Industrial Products
Manufacturing - General Industrial	DDDX,ALTG,AIMC,AIT,ATLKY,BWEN,BURCA,GTLS,CHSTY,SEIID,COTE,CFX,CVV,DOV,DXPE,ECOP,NPO,FLS,GEAGY,GPTX,GRC,GGG,GHM,HLIO,CRAWA,HIMR,IEX,IHICY,ITW,IR,KAI,KAMN,KATYQ,KWHIY,LXFR,MNTX,MHVYF,MVAC,NDSN,OMTK,OSRS,PH,MUEL,PRAC,ROLL,RIVT,ROP,VALV,SOTK,SXI,SOHVY,TAYD,TCGN,TNC,JPSWY,MIDD,THTI,TRITF,TWIN,BBRW,WBT,FERGY,WUHN,XYL	Industrial Products
Manufacturing - Farm Equipment	AGCO,ALG,ARTW,BGGSQ,DE,INQD,KUBTY,LNN,TRTC,TWI,TCOR	Industrial Products
Manufacturing - Electronics	AOS,ABB,AZZ,CPST,CPEU,CPQQ,ETN,EMR,ELED,WATT,ENS,ESE,FELE,IPWR,IIVI,JNSH,KNYJY,LGL,MRAAY,PPSI,PLUG,POWL,RBC,RXN,SBGSY,LBTI,FLOW	Industrial Products
Manufacturing - Electrical Utilities	CVR,HUBB,SIELY	Industrial Products
Manufacturing - Construction and Mining	ASTE,CAT,HEES,HTCMY,KMTUY,LONKF,TEX,MTW	Industrial Products
Leisure and Recreation Services	AASP,AMC,AVPI,BVH,BVHBB,AESE,BXG,BWL.A,CZR,CWH,CCL,CUK,FUN,CNK,KJFI,DVD,DS,FGETF,FBLQ,ECXJ,OSW,HISJF,SKYL,HUD,LIND,LYV,MSGE,MANU,MCS,NCLH,PLNT,PRXIQ,RICK,RDI,RCL,ROCLF,SEAS,SIX,SFHI,MSC,TH,MSGS,TCKGY,TIXC,CLUBQ,TCOM,TUIFY,TRWH,MTN,WW	Consumer Discretionary
Leisure and Recreation Products	ASO,GOLF,AOUT,ATCV,BOLL,BC,ELY,CLAR,DTCGF,ESCA,JOUT,KNDI,LAZY,LEAT,MBUU,MPX,MCFT,NDVR,ONEW,PTON,POOL,SMNNY,SMEV,SWBI,RGR,TVPC,VSTO,WTLC,YETI	Consumer Discretionary
Lasers Systems and Components	AERG,CUTR,CYBE,DYSL,IMCI,INRD,IPGP,IRIX,IOMT,LITE,MMTC,MVIS,TMED	Computer and Technology
Large Cap Pharmaceuticals	ABBV,AZN,BAYRY,LLY,GSK,HLUYY,INVA,JNJ,MRK,NVS,NVO,PFE,RHHBY,SNY	Medical
Internet - Software and Services	AWRE,WIFI,ECOM,CDWD,CRTO,DFIN,EIGI,GLOB,HUYA,MOMO,NMXS,NTES,NTIP,OKTA,QUOT,RDVT,RNG,SABR,TLND,VRSN,VG	Computer and Technology
Internet - Software	RETC,TWOU,EGHT,ACNV,AFFN,WORX,AYX,AMST,PLAN,APPF,APPN,APYP,ARCE,ARLO,ALIF,ASAN,TEAM,AEYE,JG,AVLR,BNFT,BSY,BILL,BL,BLCT,BOX,BRRZY,BVSNQ,MJTK,DLOC,CSLT,CDAY,CMCM,CHGG,CCC,CLDR,NET,CMFV,ISGN,CNSWF,COUP,CVET,CRWD,CYRN,DDOG,DSNY,DTGI,APPS,DOMO,DCT,EGAN,ETER,EPXY,EVTI,EVBG,EVH,FFIV,FSLY,FIVN,GAN,INVS,GDSI,OBLG,ELRN,GSUM,GTYH,HYBT,HPTO,WSTM,HUBS,IIIV,IDDR,IFAN,QUBT,INSG,IVDA,IWMG,IZEA,JCOM,JCDAF,FROG,JFIN,PPPS,KALO,KGDEY,KC,LSPD,LN,LINX,LIQDQ,LIVE,MTLS,MCCX,MFGP,MIME,MNDO,MIXT,MOBL,MODN,MOMT,MDB,MYSZ,NCNO,NETO,NEWR,EGOV,NICE,REKR,NXTD,OSS,OSPN,PD,TEUM,PAYC,PCTY,PYPL,PCSV,PHUN,PINS,PBTS,PCLI,QTT,RDVWF,RPD,RNWK,RCRT,RCIT,RSASF,RMNI,SFET,SHSP,PIXY,SING,SMAR,SNAP,SNOW,SOGO,SWI,SOFO,SPDC,SPLK,SQ,STNE,SUMO,SPRT,SUVZ,SNCR,TAPM,TMNSF,TENB,MGNI,THRY,TGRVF,TNTRQ,TRHFD,TWLO,TWTR,UPLD,VLDI,VEEV,VERX,VHC,RPMT,WTRH,CLWD,CREX,WDAY,WK,AYRO,YALA,ZEN,ZM,ZUO,ZVLO	Computer and Technology
Internet - Services	VNET,AVGG,ADVC,AKAM,GOOGL,GOOG,ANGI,AWEB,ASPU,ATNP,ATHM,BIDU,BILI,BLIN,BMTM,CANG,CTYO,JRJC,CIIX,CTK,CXDO,CYGIY,CYAGF,DTST,DNACF,LYL,DBX,ETSY,EB,FB,EAXR,FCUV,GIGM,CHYI,GREZF,HSTM,INOW,INAPQ,IGLDF,IIJIY,INUV,LEAF,LTRPB,LTRPA,LLNW,LMDCF,LMSC,LPSN,LOCMQ,LYFT,MLRYY,MCHX,PALS,MOXC,OPMG,PCCWY,PCWLF,PSCO,QMCI,RKUNY,RMBL,AIHS,SHOP,SIFY,SOHU,SPDE,SPT,STNX,SBAY,SGTB,STG,SVMK,SYNC,TAOP,TCEHY,TTD,TGLO,TRVG,TRUE,UBER,UDIRF,UPWK,UXIN,VIEWF,VIOT,WDRP,WHLM,XNET,YTRA,YRD,YY,ZG,ZIPL,ZS	Computer and Technology
Internet - Delivery Services	ASUR,BITA,CCIHY,GDDY,GRUB,HEWA,LITB,MMYT,NXPC,QNST,RENN,PXHI,VIPS	Computer and Technology
Internet - Content	AMEN,ASCBQ,BWAV,BYOC,BCOV,CCGM,DL,CWRL,CRMZ,CRWG,DHX,GEENQ,GRVY,INTH,INLX,IVFZF,KIWB,LVWD,LYLP,NSAV,OPRA,PZOO,PERI,PCOM,POPM,REDFY,RELX,SLNM,SSTK,SINA,LOV,TTGT,TME,NCTY,TCX,TOUR,UMEWF,VIDA,WB,WIMI,YNDX,YELP,ZDGE	Computer and Technology
Internet - Commerce	BABA,AMZN,ARTD,ASOMY,BIGC,BKNG,CARS,CVNA,CVLBD,CURM,RBZHF,EBAY,ENAB,EXPE,FVRR,GRPN,GSVI,SFT,JD,JMIA,LIVC,LMPX,LGIQ,MTCH,MDWK,MELI,MONOY,MIHL,BCNN,NETE,NXPS,NXMR,OCDDY,ODMO,OLB,ONVC,OSTK,PETS,PDD,PROSY,QRTEA,QRTEB,RVLV,SECO,SMKG,STMP,TZOO,TRIP,MEDS,TC,YJ,YAHOY,ZLNDY	Retail and Wholesale
Insurance - Property and Casualty	PIH,AMBC,AFG,AOREF,ACGL,ARGO,AFHIF,AXS,BRK.B,BRK.A,CB,CINF,CNA,CNFR,DGICA,DGICB,RE,FRFHF,FNF,FACO,FAF,GANS,GBLI,GLRE,HALL,HCI,HRTG,ICCH,ITIC,KINS,KFS,KNSL,MHLD,MAJCQ,MKL,MCY,MSADY,NGHC,NSEC,NODK,NMIH,PLMR,PRA,PROS,RNR,RLI,SAFT,SAXPY,SBBG,SIGI,SG,SMPNY,STFC,STC,ALL,THG,PGR,TRV,TPRE,TKOMY,UFCS,UIHC,UVE,WTRE,WTM,WRB	Finance
Insurance - Multi line	AATDF,ACMT,ACMTA,AEG,AGESY,ALIZY,ACGI,AIG,ANAT,AIZ,AGO,AXAHY,BBSEY,CI,CFIN,CNO,ESGR,EVER,FFG,GVFG,GSHD,HMN,IHC,JRVR,KMPR,LGGNY,LMND,MBI,MET,MTG,MURGY,ORI,PNGAY,PTVCA,PTVCB,PUK,PRU,RDN,SCRYY,SLQT,SSREY,HIG,IGIC,TIG,TGIC,UNAM,WAXS,ZURVY	Finance
Insurance - Life Insurance	AAGIY,AEL,ATH,AVVIY,BHF,BRP,LFC,CIA,FLFG,GNW,GOCO,GWGH,IHRC,KCLI,LNC,MFC,NWLI,NNGRY,PRI,RGA,SNFCA,SNYFY,SLF,UTGN,VERY,VOYA	Finance
Insurance - Brokerage	AON,AJG,BCRHF,BRO,DMCD,EHTH,ERIE,FANH,HVRRY,HUIZ,MMC,OXBR,PNTPQ,SYCRF,MAAL,TILCF,TIPT,WLTW	Finance
Insurance - Accident and Health	AFL,AMSF,ARINA,AAME,EIG,PPHI,TRUP,UNM	Finance
Instruments - Scientific	BRKR,ESNR,HBIO,INIS,KEQU,MTD,MSON,MTSC,PKI,SCND,TIKK,WAT	Computer and Technology
Instruments - Control	ACSEF,AMOT,BMI,ELSE,FEIM,MKTY,ST,THR,TRNS,NIHK,WTS,WWD	Computer and Technology
Industrial Services	ARGKF,ADRZY,ARD,ASHTY,BOUYF,NSCO,CLIR,BOOM,EVI,HDS,HRIBF,HDSN,IAC,KIGRY,MSM,SCSC,TMX,SIEGY,SITE,TPIC,GWW	Industrial Products
Industrial Automation and Robotics	FANUY,HOLI,INVI,IRBT,KUKAY,ROBOF,ROK,SDON,TOOD	Computer and Technology
Household Appliances	AOWDF,DEER,ELUXY,HRELY,HBB,HWDJY,LBYYQ,NC,VUOC,WHR	Consumer Discretionary
Hotels and Motels	CNDL,HTHT,CHH,CVEO,EWKS,STAY,HOFV,GHG,HGV,HLT,IHT,IHG,VAC,MAR,OLCLY,PLYA,PRSI,RLH,SCHYY,SHALY,CAGU,WYND,WH	Consumer Discretionary
Government Services	BAH,ICFI,MMS	Business Services
Glass Products	APOG,ASGLY,OI,XYIGF	Industrial Products
Gaming	WBAI,ACEL,ARHN,BLIBQ,BLIAQ,KDOZF,BYD,CPHC,CCOEY,CNTY,CRVH,CHDN,CRSR,DOYU,GMBL,FLL,GLXZ,GBCS,GDEN,LINUF,IGT,LVS,LTFD,MDEVF,MLCO,MGM,MCRI,NWGI,PENN,AGS,RRR,SCPL,WINR,SJMHF,SLGG,THRSF,TWOC,TPCA,UBSFY,UETMF,WTCG,WIMHY,WYNMF,WYNN,ZNGA	Consumer Discretionary
Furniture	AMWD,BSET,DIIBF,FLXS,HOFT,KBAL,LZB,LEG,MAWHY,NTZ,NVFY,AMXX,ROWC,SNBR,VIRC,WSC	Consumer Discretionary
Funeral Services	CSV,HI,MATW,SCI	Consumer Staples
Food - Natural Foods Products	DPUKY,DKAM,BKCT,FARM,WILC,NGVC,PFGC,SPTN,SFM,MRWSY	Retail and Wholesale
Food - Miscellaneous	AJINY,ARMK,AMNF,ASBFY,BABB,BGS,APRN,BRFS,BRID,BUROF,CPB,CELH,CHLE,CDSG,UTZ,CAG,CUSI,DANOY,DAR,FLO,FRPT,DROP,GIS,WNGRF,GLGLF,GNCGY,GNLN,HFFG,HBIS,INGR,JJSF,JBSS,KRYAY,LSF,LW,LANC,LNDC,MMMB,MHGVY,MKC,MED,MGPI,MDLZ,NSRGY,NOMD,NXTH,POST,PRRFY,RELV,SMGBY,SEB,SENEA,STKL,SYY,TATYY,PETZ,CHEF,HAIN,SJM,KHC,TCYMF,TOFB,THS,UMAM,UNMG,UNFI,USFD,VITL,WWNTY,FBER	Consumer Staples
Food - Meat Products	BIQIF,BYND,CMFO,PLIN,HRL,IBA,JBSAY,PPC,SAFM,TSN,YUII	Consumer Staples
Food - Dairy Products	CIADY,DFIHY,DFODQ,GLAPY,LWAY,NUVM	Consumer Staples
Food - Confectionery	CRMBQ,HSY,TWNK,SMPL,TR	Consumer Staples
Financial Transaction Services	PAYS,AGTK,ADS,CATM,DBD,ENV,EFX,EVTC,EVOP,FIS,FISV,FLT,GPN,GDOT,INGIY,IMXI,LFIN,LOIMF,MA,REFG,PAGS,PXGYF,PYPTF,QIWI,FOUR,WU,RPAY,USIO,WEX,WWLNF,MFH	Business Services
Financial - Savings and Loan	AMFC,ASBN,BFIN,BANR,BHLB,BHBCQ,BHWB,BRBI,BYFC,BRKL,CYBA,CFFN,CARV,CZWI,CFG,CIBN,DCOM,DSFN,ESBK,ESSA,FFDF,FFWC,FDLB,FBPI,FBSI,FCAP,FNFI,FSFG,FBC,FFIC,GOVB,GTPS,GSBC,GCBC,GFED,HFWA,HFBA,HCBC,HMNF,HFBL,HWEN,HLFN,HMST,ISBC,KSBI,KRNY,KFFB,LSBK,LARK,LSFG,LOGN,MELR,EBSB,CASH,NASB,NYCB,NBN,NIDB,NFBK,NWBI,OCFC,OFED,PPBI,PBHC,PBCT,PPSF,PROV,PFS,PBIP,RPFG,RVSB,SCYT,SLCT,SFBS,SFBK,SHZUY,SCSG,SRNN,SMBC,SZBI,STBI,SUGBY,TFSL,TSBK,UNTN,WSBF,WAYN,WTBA,WSFS,WVFC	Finance
Financial - SBIC & Commercial Industry	RDGL,AMTCQ,AINV,ARCC,BCSF,BISA,BBDC,TCPC,BKCC,CPTA,ICMB,CCAP,FDUS,FSK,FSKR,GARS,GLAD,GAIN,GSBD,GBDC,HTGC,HRZN,IDEA,MAIN,MRLN,MFIN,MVC,NMFC,NEWT,OCSI,OFS,OXSQ,PNNT,PRPM,RAND,SFE,SAR,SLRC,SUNS,SCM,FCRD,TPVG,WHF	Finance
Financial - Mortgage & Related Services	ASFJ,CNF,DJSP,EFC,ESNT,FNMA,FCIC,AGM,FMCC,JGWEQ,TREE,MMAC,NOVC,OCN,ORC,PFSI,TSLX,VEL,WD	Finance
Financial - Miscellaneous Services	EQOS,JFU,CNFN,AGMH,ALRS,ALMC,AXP,ARWGF,ATLC,YUANF,AX,BIPC,CBWTF,CSFSF,HUSN,RAHGF,CTVZ,CBGH,COFS,CIOXY,CIT,CLHI,CLBK,CPSS,CTTPY,DSEEY,EMGCQ,EQH,ESPIQ,EEFT,FNHC,FPAY,FTAI,FRHC,GMNI,GAHC,GL,GRNQ,GBOOY,HBTC,HGBL,HX,HLI,GLAE,COHN,IFS,SNEX,ISBL,JEF,LC,LMFA,MARA,MNTR,MMTRS,MGI,MYSRF,MCO,MVBF,OCSL,OCFN,OPRT,IX,ORCC,NBCO,PJT,FINV,PRAA,LGHL,PGUS,QCCO,RCM,RIVE,RPRX,SACH,SNRY,SRCO,SSPC,SPDL,SLFPY,STEP,BANX,SHGKY,SWKH,SYF,CGBD,CCNC,TRMT,UCASU,VIRT,WELX,WINS,XYF,XP	Finance
Financial - Leasing Companies	AER,ACY,MGRC,UCPC	Finance
Financial - Investment Management	AMG,AB,AAMC,ABCP,ATAX,AMP,HKIB,APO,ARES,APAM,AINC,AJMPF,AMK,AC,BLK,BX,BNDT,BSIG,CSWC,CNS,CNVT,EV,FFXDF,FHI,CNNE,FSAM,FOCS,BEN,GBL,GECC,GEC,JAGR,AVAL,HLNE,HRGLY,HCAP,HNNA,HPIL,IVZ,JHG,JP,PTMN,KKR,LAZ,MCIM,MN,MCC,MDLY,MRCC,NOAH,SCU,OCCI,ONEXF,PACV,PFLT,PFG,PSEC,PHCF,PUYI,PZN,SHNWF,ATCO,SEIC,SAMG,SII,TROW,GROW,VALU,VPGI,VCTR,VRTS,WDR,WHG,WNMLA,WQNI,IWSH	Finance
Financial - Investment Funds	ALLWF,BXLC,BKFG,CODI,INTV,KNVKF,LFSYY,MILC,OXLC,PSHZF,SE,SSSS,CG,WSCC	Finance
Financial - Investment Bank	BGCP,CCHI,CPFH,COWN,DHIL,EBML,EVR,EZTD,FMFN,FXTGY,GLBR,GCPL,GHL,IBKR,JMP,LPLA,MERR,MC,MS,NHLD,WDBG,NMR,OPY,PIPR,RJF,SBHGF,SIEB,SF,TKAT,SCHW,GS,TW,TIGR,VIFI,WTECQ,WETF,WSFL,YIN,ZGCO	Finance
Financial - Consumer Loans	ALLY,COF,CHFI,DXF,CACC,CURO,DFS,ELVT,ECPG,ENVA,EZPW,FCFS,LX,LOAN,COOP,NAVI,LPRO,NNI,NICK,CAFI,OMF,FPLPY,QD,RM,SC,CTON,SLM,SBKK,WEI,WRLD	Finance
Film and Television Production and Distribution	AFOM,EMPM,ESGC,IMBI,GNPR,HKTVY,IMAX,IQ,KLOC,YVR,LGF.A,LGF.B,GETVY,MSGN,NLMP,NWSA,NWS,PAEGF,PTSXQ,SAPX,HLWD,SMCE,CURI,VIAC,VIACA,WMG,WWE	Consumer Discretionary
Fiber Optics	CIEN,FBCE,OCC	Computer and Technology
Fertilizers	BNET,CF,CHBU,CBLUY,CDBT,CGA,UAN,IPI,NTR,PHOS,SQM,MOS,SMG,YARIY	Basic Materials
Engineering - R and D Services	ACM,ALFVY,ALTR,CHX,ARCAY,BCKIY,ATCX,CHYCY,ENG,FRRVY,FLR,GTES,GLT,TURN,HWM,IMIAY,PECK,KGHI,KBR,MEC,MLLUY,PRXG,PWR,RTOXY,SNIRF,SPXSF,TSSI,VSEC,WEGRY,WLDN	Industrial Products
Energy and Pipeline - Master Limited Partnerships	BSM,CELP,HESM	Oils and Energy
Electronics - Testing Equipment	AME,CGNX,AHIX,FTV,ITRI,NATI,TER	Computer and Technology
Electronics - Semiconductors	ACMR,AMD,ASX,AOSL,AMBA,AMKR,AAOI,ATOM,AXTI,AVGO,CEVA,CRUS,CODA,DLGNF,DIOD,DION,EMAN,FORM,HIMX,ICHR,PI,IFNNY,IQEPF,LSCC,MTNX,MTLK,MOSY,NMGC,LASR,NVEC,OIIM,OTIVF,PTSC,PXLW,POETF,QUIK,RMBS,ROHCY,RBCN,SCIA,SMICY,LEDS,SQNS,SIMO,SGH,SLOIF,SPIR,SYNA,TSEM,TGAN,TXCCQ,UMC	Computer and Technology
Electronics - Power Generation	APTL,BW,CBAT,GNRC,MCELQ,SSEZY	Computer and Technology
Electronics - Parts Distribution	ARW,AVT,BLLI,NWXJ,RELL,WCC	Computer and Technology
Electronics - Miscellaneous Services	BLNK,IESC,JKHY,LGRVF,SYPR	Computer and Technology
Electronics - Miscellaneous Products	ACFN,AEY,AGNUQ,AMSSY,BELFB,BELFA,BKYI,BNSO,BSTK,BRTHY,CCMP,CARR,CSIOY,CSGH,CEXE,CUB,DKILY,DAKT,KODK,FLEX,FLUX,FGELF,GRMN,GTEC,OLVI,HOCPY,JASNQ,KTCC,KE,KLAC,PHG,KOPN,LTSC,LBAS,LTEC,MG,MIELF,ORYX,OSAGF,PLPC,STKR,RMTD,REFR,SGMA,SITM,SMCAY,SEPJY,SQFL,SGU,CRTG,TNLX,TRMB,TKLS,UEIC,VAPE,VSYS,VOXX,XNNHQ	Computer and Technology
Electronics - Miscellaneous Components	AACAY,ABCE,ADTC,AHAG,AMSC,AUOTY,AVX,AXPWQ,BLDP,BDR,BWXT,CAMP,CETX,CPSH,CTS,DLYT,DAIO,DSWL,DGNG,ELAMF,ELRNF,ELTK,EVRC,FN,GTXO,IEC,INFG,ITKG,IIN,KYOCY,LPTH,LFUS,MFCO,MNBEY,NJDCY,NSYS,NOVT,NVT,OMRNY,ORBT,OSIS,RSKIA,ROG,SGOC,SIMC,SMTX,SRSK,SRI,SPRS,TTDKY,TEL,TNRK,TTGPF,TTMI,ULBI,UNXLQ,OLED,UPGI,VIAO,VICR,VIDE,VPG,WIRX,YASKY,ZAGG	Computer and Technology
Electronics - Military	DEWY,ESP,FLIR,MKRS,NEIK,VTSI	Aerospace
Electronics - Measuring Instruments	ATEYY,AEHR,CAMT,FIT,GEOS,GIGA,INTT,KEYS,NVMI,ORFR,PRCP,RLBY,TRT	Computer and Technology
Electronics - Manufacturing Services	BHE,CLS,JBL,JACO,PLXS,SANM	Computer and Technology
Electronics - Manufacturing Machinery	AMTA,ACLS,BESIY,BRKS,COHU,EMKR,ENTG,IVAC,KLIC,MKSI,NINOY,STRB,UCTT,VECO	Computer and Technology
Electronics - Connectors	APH,ESNC,IEHC,MEI	Computer and Technology
Electric Construction	ADOM,MYRG,SENY	Utilities
Diversified Operations	MMM,AMIN,BRRAY,BZLFY,CSL,AEHL,CMHHY,CRHKY,CTPCY,CKHUY,CR,DHR,FSS,FPAFY,GE,GFF,GPOVY,HCHC,HTHIY,HON,IEP,ITT,JMHLY,JSHLY,KKPNF,KSHB,LXU,LDL,MIC,MARUY,MSBHY,NPK,NOBGY,ORKLY,PHIL,RAVN,SVT,SGHIY,SPLP,SSUMY	Multi-Sector Conglomerates
Diversified Communication Services	ASGXF,AXTLF,BCOMF,BCE,CHT,CBB,CVST,DTEGY,HLTOY,IDT,IMTO,JUMT,KKPNY,LICT,MXMTY,WOWI,NTTYY,OIBRQ,OIBRC,PVSP,TLK,SHEN,SGAPY,SCMWY,TKTCY,TIIAY,TEF,VIV,TKAGY,TELNY,TLKGY,TLSYY,TU,TVCE,VEON,VPER,VIVHY	Utilities
Cosmetics	AIGI,CAWW,COTY,DSKX,ELF,EXHI,HHER,HELE,EROX,IPAR,LPHM,LRLCY,MDOMF,NTCO,NUS,NUGN,PORBF,PWCO,NUUU,REV,SSDOY,SYIEY,EL,SPCO,TWSI	Consumer Staples
Containers - Paper and Packaging	AMCR,ATR,BERY,BXBLY,GPK,GEF.B,GEF,ITPOF,NDGPY,PKG,SEE,UECN,SON,UFPT	Industrial Products
Containers - Metal and Glass	BLL,CCK,SLGN	Industrial Products
Consumer Services - Miscellaneous	BJ,BPOSY,BV,COE,CMPR,AWAW,EEX,FRCN,HRB,KMWE,GNSS,MNRO,PTVE,RCII,SP,STON,PRSC,WFCF,WIZD	Consumer Discretionary
Consumer Products - Staples	ADRNY,ACI,CHWY,EPC,ENR,GLGI,GO,BTSDF,IFF,JRJRQ,KMB,FRG,LIOPF,MWK,NBEV,NWL,OLLI,PRPL,SWGAY,TTCF,TUP,VFF,WDFC,FREE	Consumer Staples
Consumer Products - Discretionary	GOED,ACU,AERO,BNED,BMRRY,BOXS,MTTRY,CENTA,CENT,CUYTY,TCS,LWLW,DUFRY,DGIX,FTDL,FTDCQ,FNKO,GNUS,GRSO,PHOT,HMPQ,HEGIY,STCB,KAYS,KIDBQ,KARE,LCUT,LUVU,NHTC,PRTY,PFGBQ,PGENY,PBH,RLBD,REYN,SCOO,SOUPQ,SPB,SUMR,SWMAY,TOBAF,REAL,UNICY,VDAHF	Consumer Discretionary
Consulting Services	ACN,ATIF,BVRDF,CRTN,CBZ,CRAI,CLGX,CTEK,EXPO,FC,FCN,IT,HIL,HURN,III,BTFL,NGBL,NVEE,MPGPF,PCOA,PBSV,STN,HCKT	Business Services
Computers - IT Services	ABILF,DOX,ASGN,BZUN,CDK,CDW,CRNC,GDYN,CLPS,CTG,CSGP,UPIN,DTSS,DELL,DXC,DT,DAVA,EPAM,FICO,FJTSY,STGGQ,GTT,INFY,INOV,MHH,MDLA,NEXCF,NTNX,PRSP,PING,RTNB,PRZM,MARK,RNLX,SAIC,TRCK,SCWX,NOW,ANY,STCN,TSYHY,UIS,VRT,WIX	Computer and Technology
Computer- Storage Devices	CBEX,DIGI,GSIT,NTAP,NLST,PSTG,QBAK,QMCO,QUMU,STX,SOSO,SMCI,TDC,WDC	Computer and Technology
Computer - Software	ACIW,ADBE,AIFS,AMSWA,ANSS,AZPN,ADSK,AVID,BMRK,BLKB,EPAY,BSQR,CDNS,CAN,CLTY,CICN,CTXS,CSYS,CDRBQ,CVLT,CSOD,CPAH,DASTY,DPSI,ELCO,EINF,ECGP,FLXI,GSB,GVP,GLFWD,IBIN,ICAD,IWSY,IMGI,IPUB,IAIC,ISTC,IBSS,INTU,KNMCY,MGIC,MANH,MSFT,MSTR,NEON,NTWK,NUAN,OTEX,OPRX,ORCL,PCYG,PEGA,PRGS,PRLO,PRO,PTC,QADB,RWWI,CRM,SAP,SPNS,SCIL,SSVC,SREV,SMRL,SLP,SMSI,SOFT,SSNC,STYLA,SNPS,DSGX,TMICY,TPPPF,UTRX,USDC,VCMP,VRNT,VMW,ZIMCF	Computer and Technology
Computer - Services	ALLN,BTSR,CACI,CASS,GIB,CBRI,CSVI,CSGS,DYNE,EBIX,ETEC,ENHT,FORTY,FORR,INOD,MANT,MICT,NEOM,NTPL,OBIIF,PDFS,PRFT,VCTL,SGMS,TSCC,TSRI,UMLS,VRTU,WYY	Computer and Technology
Computer - Peripheral Equipment	APELY,CREAF,DTRK,HAUP,INVE,IGOI,IMMR,LPL,LOGI,MCZAF,MDEA,MRCY,SCKT,SNMBQ,SSYS,TKOI,TACT,VJET,VUZI,ZTNO	Computer and Technology
Computer - Optical Imaging	MITK,VRTC	Computer and Technology
Computer - Networking	ALLT,ALVRQ,BOSC,CSCO,CNWT,DGII,ELST,EXTR,EZEN,FALC,FKWL,INFN,ISPD,INTZ,LTRX,NTGR,NTCT,PTEEF,RDCM,SILC	Computer and Technology
Computer - Mini computers	DDD,AAPL,HPQ,LNVGY	Computer and Technology
Computer - Mainframe	PSYS	Computer and Technology
Computer - Integrated Systems	ISOL,AGYS,COMX,CSPI,DLEXY,DCHIF,FARO,GTLL,HPE,ISNS,IBM,ITI,MTRO,NCR,PAR,USAT,ZI	Computer and Technology
Communication - Network Software	ATEN,ADVOF,AVYA,AVSR,CLWA,CLRN,CYBD,EVOL,FRTAF,FTNW,KLR,HYDN,ITKH,LTTC,NTFY,NUVR,BCDI,RBBN,VISL	Computer and Technology
Communication - Infrastructure	ADTN,BAND,CALX,COMM,DZSI,ICLD,SGSI,ATEX,ROSYY,SCON,VCST,WTT	Computer and Technology
Communication - Components	AAPJ,ACIA,AIRG,ATUS,ATGN,ANET,AUDC,CLRO,JCS,GLW,CTXV,DIRV,ETCIA,EXFO,HLIT,INVT,KN,KVHI,MTSL,NUTTQ,OOMA,ORSX,PLT,PSTO,SEAC,SPMYY,TCCO,TLCO,TESS,HEAR,UTSI,VIAV,VCRA,WGNR,WSTL,ZMTP,ZSTN	Computer and Technology
Commercial Printing	ARC,BEEN,CHMP,DNPLY,ISDR,KRNT,LMTI,LKSDQ,QUAD,RSSS	Industrial Products
Coal	ARLP,BRCOQ	Oils and Energy
Chemical - Specialty	ASIX,AGFS,AVD,AMRS,ASH,AXTA,BCPC,CE,COIHY,CSWI,DQ,ECL,ESI,ELMTY,FOE,GSM,FSI,GVDNY,GPRE,FUL,HWKN,HERC,HUIHY,NGVT,IEVM,ISON,ICL,KRA,LTHM,MACE,MXCHY,MTX,MCRUF,NEU,NNCHY,NL,NVZMY,PQG,KWR,SXT,VVV,VNTR,WEDXF,WLKP,GRA	Basic Materials
Chemical - Plastic	ATPL,CERPQ,CXDC,COVTY,EQUI,JSCPY,KURRY,LWLG,RYAM,TG,TSE,VTXPF,WLK	Basic Materials
Chemical - Diversified	AIQUY,APD,AKZOY,ALB,ARKAY,AHKSY,BASFY,BNTGY,CBT,CHGI,CHCC,CMP,DOW,DD,EMN,FMC,GLTC,GNMP,GURE,HCHMY,HUN,IEAM,IOSP,JMPLY,KWBT,RDSMY,KOP,KRO,LAC,LYB,MBII,MEOH,MTLHY,NOEC,NTIC,ODC,OLN,OEC,AVNT,PPG,SHECY,SHWDY,SHI,SCL,SOMMY,TANH,CC,TKYMY,TORM,TOSCF,TREC,TROX,UBEOY,UNVR,VHI	Basic Materials
Cable Television	CABO,CASA,CHTR,CMCSA,DISH,HMTV,ICABY,LBRDA,LBRDK,LBTYA,LBTYB,NPSNY,PBSFY,RCI,SJR,TVFCF,MVEN,WOW	Consumer Discretionary
Business - Software Services	CCTR,CIH,CTSH,PLUS,GWRE,ITCC,MSCI,QTWO,QADA,RP,SGPYY,SNX,TYL,WIT	Computer and Technology
Business - Services	SIXD,DRWN,ACTG,AWWC,APG,ARWD,CAR,AXMA,BDIMF,BBU,CTAGY,CIDM,CLCT,SCOR,CCUR,CORE,CRRSQ,CRVL,CRD.B,CRD.A,DFCO,DCCPF,DRSV,DSS,EVSP,EVRI,SFUN,CANN,GFN,HHR,HCSG,HMHC,IBEX,ISHM,INNI,ICRD,ITNM,ITEX,ASZP,LEAI,MSSI,MLMN,MITFY,NXRA,PFMT,PFSW,PRGX,MVPT,PCMC,RTOKY,RIHT,SOMLY,SGSOY,SDXAY,SGRP,SPSC,TPNI,UMCN,VEC,VVI,VOLT,WNS,WYGPY	Business Services
Business - Office Products	DLX,MLHR,HNI,KNL,SCS,UNIR	Business Services
Business - Information Services	KRKR,BKI,CMTX,DNB,ERGN,EXPGY,FDS,INFO,IKTSY,MORN,NRC,NLSN,RCRRF,SGLB,SPGI,TRAC,TRU,UCL,VRSK	Business Services
Building Products - Wood	AFI,BXC,BCC,CTT,FND,JELD,LPX,DOOR,OSB,PTBTQ,PCH,RYN,WOFA,TREX,UFPI,WY	Construction
Building Products - Retail	BECN,BMCH,BLDR,FAST,GMS,HBP,JCTCF,LOW,LL,TGLS,HD,TTSH,TVPKF	Retail and Wholesale
Building Products - Mobile Homes and RV Builders	CVCO,DVLY,NOBH,REXLQ,SKY,THO,WGO	Construction
Building Products - Miscellaneous	WMS,AEGN,ABLT,ACA,AGX,AWI,ASPN,BLWYY,CSTE,ROAD,CUO,CRH,DRTT,FBM,FTDR,GCP,ROCK,GROUF,GRAM,IBP,JHX,MAS,NSMG,NWHM,OBYCF,OSN,OTIS,OC,PATK,PGTI,NX,RAFI,SGBX,SHMUY,SSD,BLD,TBLT,URI,WXMN,WLMS	Construction
Building Products - Maintenance Service	ABM,LMB,ROL,TISI	Construction
Building Products - Lighting	AYI,EFOI,LSCG,LYTS,OESX,RVLT	Construction
Building Products - Home Builders	BZH,CCS,CCOHY,CHCI,CNRFF,DHI,GFASY,HOV,KBH,LEN,LEN.B,LOMA,MDC,MTH,MHO,NVR,PSMMY,PHM,SKHSY,VICP,TMHC,TWODY,TOL,TPH	Construction
Building Products - Heavy Construction	ATASY,BAFYY,BRANF,CCCGY,CWYCY,CRWOY,DY,EME,ICAYY,GV,GVA,GLDD,JEXYY,MTZ,MSMY,NOA,ORN,PRIM,STRL,TPC,VCISY,WMSI	Construction
Building Products - Concrete and Aggregates	AHCHY,BZZUF,CPAC,CX,CARCY,CNR,EXP,FRTA,GEVI,GGLT,HDELY,HCMLY,MLM,RETO,SMID,SUM,MCEM,USCR,USLM,VMC,YECO	Construction
Building Products - Air Conditioner and Heating	AAON,CCOM,FIX,LII,MCCK,TGEN,AZEK,WSO,WSO.B	Construction
Broadcast Radio and Television	SONG,AMCX,BBGI,CSSE,CJREF,UCTN,CMLS,DISCA,DISCB,DISCK,ETM,EVC,SSP,FOXA,FOX,GAIA,GTN,GTN.A,TV,IDWM,IHRT,ITVPY,LBTYK,CLKA,NFLX,NEUL,NXST,NTN,FENG,PRISY,UONE,UONEK,RAIO,ROKU,SGA,SALM,SBGI,SIRI,SBSAA,TGNA,TVBCY,TSQ,TPCO,WSG,TVTV	Consumer Discretionary
Biofuels	AMTX,BLSP,CCGY,EVA,FF,MEIL,PEIX,REGI,RNWF,REX,SCNG	Oils and Energy
Beverages - Soft drinks	WTER,HIPH,BRFH,BCCI,BGEM,BTVCY,KOF,CCLAY,COKE,KO,CCEP,CCHGY,JVA,DTEA,AKO.B,AKO.A,FMX,FTFT,MCHA,ICGL,JAMN,JSDA,KDP,LKNCY,MNST,MSLP,FIZZ,NUZE,PEP,REED,SWRI,YGYI	Consumer Staples
Beverages - Alcohol	ABEV,BUD,ASCC,BRBMF,BF.A,BF.B,DVDCF,CBEV,CABGY,BORNY,RSAU,CCU,STZ,STZ.B,CWGL,CHCX,DEO,EAST,GPMCF,HEINY,KNBWY,MENB,TAP,NWBD,WDKA,PDRDY,REMYY,SAM,THST,TSGTY,VCOYY,WVVI	Consumer Staples
Banks - West	ACBCQ,AMRB,AVBH,BOCH,BOH,BMRC,BCML,BEOB,CFNB,CATY,CVCY,CHOB,CTBK,CCB,COLB,CWBK,CWBC,CPF,CVBF,EWBC,FMBL,FFNW,FHB,FBAK,FINN,FNRN,FNWB,FRC,FSWA,FSBW,GBCI,HAFC,HTBK,HVYB,HOPE,MLGF,NRIM,NBCT,OVLY,PMBC,PSBC,PWBO,PACW,PBCO,ALTA,PLBC,PFBC,RBB,SCZC,BSRR,SFBC,SSBI,SIVB,TMCV,TWNE,TCBK,UMPQ,UBFO,WABC,WAL,WSFGQ,ZION	Finance
Banks - Southwest	FISB,ACNB,AMBZ,BANC,BANF,BCTF,BSCA,BOKF,CALB,CABB,CAIB,CCBC,CFR,FCBP,FFIN,FFWM,FHLB,GNTY,HABK,IBOC,LBC,MVLY,OPBK,PFBN,PCBC,PVBK,PCB,PBNK,PBAM,PB,RRBI,SCBH,SI,SBSI,TCBI	Finance
Banks - Southeast	ABTX,AMNB,ABCB,AUBN,BXS,BKSC,BOTJ,BSVN,BAYK,BAYN,BMBN,CADE,CCBG,CAPB,CSTR,CBTX,CFFI,CHMG,CPKF,CZBS,CIZN,CHCO,CBAN,CFBI,CBBI,CTBI,ALBY,CUBI,EFSI,FBSS,FABK,FBP,FBNC,FCNCA,FCBC,FCCO,FGBI,FHN,FXNC,FNBCQ,FSRL,FSTF,FUSB,FNB,FVCB,HABC,HWC,HTH,HBCP,HOMB,HTBI,IBTX,ISTR,JFWV,KTYB,LOB,MCBK,AMTB,MCBS,MFBP,MBVA,NBHC,NKSH,NXTYQ,NODB,BKOR,OPOF,OFSI,OPHC,OBNK,PKWY,PEBK,PFBX,PCBN,PCLB,PPBN,PNFP,BPOP,PFBI,PMHG,PFHD,RF,RBNC,RNST,RBCAA,SBCF,SFDL,SFNC,SABK,SPFI,SSB,SFST,SONA,STXB,SYBT,SMMF,SRYB,SNV,FBMS,THVB,TOWN,TYBT,TBK,TRMK,TRUX,UBSI,VBTX,VBFC,WSBC	Finance
Banks - Northeast	BCOW,FCOB,FCCY,AMAL,AMBK,ASRV,AROW,ACBI,AUB,BSPA,BFC,TSBA,OZK,BWFG,BHB,BCBP,BERK,BSBK,BPFH,BDGE,BWB,BRBW,BMTC,BFST,BY,CATC,CAC,CBNK,CARE,CBFV,CBMB,CFBK,CNBKA,CIBH,CNNB,CZFS,CZNC,CCNE,CVLY,CNAF,CBU,CMTV,CMHF,CNOB,ICBK,CFB,DBIN,PTRS,DIMC,EGBN,EFBI,EBC,EMCF,EBTC,EQBK,ESQ,EVBN,FMBM,FMAO,FBK,FFBW,FDBC,FISI,FNLC,FRBA,FCF,PFC,INBK,FKYS,FMBH,FRSB,FSEA,FUNC,FNCB,FRAF,FDVA,FULT,GLBZ,GWB,HONE,HARL,HWBK,HBT,HSBK,HIFS,HBNC,HBMD,HVBC,IROQ,INDB,IEBS,JFBC,LBAI,LCNB,LEVL,LMST,LYBC,MGYR,MNSB,MLVF,MRBK,MCB,MPB,MBCN,MSBI,MSVB,NBTB,NCBS,NECB,NSBK,NWIN,NWFL,OFG,ORRF,OTTW,OXBC,PKBK,PNBK,PCSB,PDLB,PGC,PWOD,PFIS,PBFS,PNBI,PVBC,PSBQ,QNBC,QNTO,RNDB,FRBK,REVB,RBKB,RMBI,SAL,SASR,SBFG,SBTB,SVBI,SHBI,SHRC,SBNY,SMBK,SOMC,STBA,STL,SBT,SUGR,TCF,TBNK,TBBK,BPRN,TCFC,FLIC,TDCB,TMP,TWCF,TSC,TRST,UNB,UCBI,UNTY,UNIB,UVSP,USBK,VLY,VSBN,WASH,WAFD,WCFB,WBS,WSSH,WBBW	Finance
Banks - Midwest	SRCE,ATLO,ASB,BVBC,BNCC,CTDN,CNBA,CZNB,CIVB,CBSH,CEFC,CSHB,CLDB,CSBB,EBMT,EFSC,EQFN,FMNB,FETM,BUSE,FBIZ,FFBC,THFF,FIBK,FRME,FMBI,MYFW,GABC,HLAN,HTLF,HBAN,IBCP,IOFB,LKFN,MCBC,MFNC,MBWM,MOFG,OLCB,OVBC,ONB,OSBC,PRK,PEBO,PNBC,QCRH,SLRK,SGBP,TSOH,UMBF,UBCP,UBOH,WTFC	Finance
Banks - Major Regional	BAC,BKU,CMA,FITB,JPM,KEY,MTB,NTRS,STT,BK,PNC,TFC,USB,WFC	Finance
Banks - Foreign	ACGBY,AKBTY,ANZBY,BBVA,BBD,BBDO,BPCGY,BCH,BDORY,BLX,BSAC,SAN,BSBR,CIB,BKHYY,BACHY,BCMXY,BMO,BNS,NTB,BKNIY,BCS,BBAR,BCBHF,BDGSF,BNPQY,BHKLY,CM,HSBI,CHBAY,CHCJY,GLG,CICHY,CIHKY,CMAKY,CRZBY,CMWAY,BAP,CRARY,CS,CBBYF,DNKEY,DBSDY,DB,DNHBY,EBKDY,BSMX,GGAL,GPFOY,SUPV,HSNGY,HDB,HSBC,IBN,IDCBY,ING,ISNPY,ITCB,ITUB,KB,KBCSY,LYG,BMA,MBNKF,SRL,MUFG,MFG,NABZY,NTIOF,NRDBY,OSVBF,OVCHY,PPERY,RAIFY,RY,NWG,RBSPF,SBRCY,SHG,SVKEF,SCGLY,SCBFF,SMFG,SWDBY,BKEAY,TD,UBS,UNCFF,UOVEY,WNEB,WBK,WF	Finance
Automotive - Retail and Wholesale - Parts	AAP,AZO,KMX,MWWC,ORLY	Retail and Wholesale
Automotive - Retail and Whole Sales	ACCA,CRMT,ABG,AN,CALI,WKSP,GPI,LAD,PAG,RUSHA,RUSHB,SAH,TITN	Retail and Wholesale
Automotive - Replacement Parts	CARG,DORM,PLOW,GPC,KXIN,LKQ,MPAA,PFTI,SPXC,SMP,UFMG	Auto, Tires and Trucks
Automotive - Original Equipment	VLVLY,ADNT,ASEKY,ALSN,AXL,FUV,ALV,BEEM,BWA,BCAUY,DOOO,CAAS,CYD,ZXAIY,CVGI,CTTAY,CPS,DAN,DNZOY,EH,ENVS,FSCR,RACE,GTXMQ,QYBX,GNTX,THRM,VLDR,GKIT,HLFDY,HZN,HYLN,IOCJY,LCII,LEA,MGA,MTOR,MXVDD,MLR,MOD,NAV,NIU,OSK,PLNTQ,SCFLF,SNSGF,SVTE,SHYF,STRT,SUP,TEN,TXIC,UFAB,PRTS,VLEEY,VNE,VC,VYDR,WNC,WPRT,WKHS,XPEL	Auto, Tires and Trucks
Automotive - Internal Combustion Engines	CMI,PSIX,RGUS,WEICY	Auto, Tires and Trucks
Automotive - Foreign	ATDRY,BAMXF,CNHI,DDAIF,DNFGY,SOLO,FCAU,FUJHY,GELYY,GP,HINOY,HMC,HYMLF,ISUZY,LASLY,LI,MZDAY,NIO,NSANY,PDGNF,PUGOY,RNLSY,SZKMY,TTM,TM,VWAGY,XPEV,YAMHF	Auto, Tires and Trucks
Automotive - Domestic	ETFM,AUTO,BLBD,CMOT,ELIO,FOXF,GM,HOG,IAA,NKLA,PCAR,PII,TSLA,VRM	Auto, Tires and Trucks
Audio Video Production	AFTM,ANDR,BTN,BOGN,CRWFF,CRLI,CSTI,DLB,MSN,GPRO,KOSS,LIVX,LIZI,PCRFY,ROFO,SHCAY,SIML,SMDM,SONO,SNE,TCLRY,GTMM,TOSYY	Consumer Discretionary
Auction and Valuation Services	RILY,BYDDY,CPRT,LQDT,RBA	Business Services
Alternative Energy - Other	AMRC,SLNG,APGI,APSI,BE,CBDEF,BEPC,CEPU,CHRA,WAYS,CGYV,CPWY,CWEN,CWENA,CVA,OEG,ENIA,ENCR,EPGRQ,EQNR,EVRG,FCEL,GCTAY,GEVO,HOKUQ,ITMPF,JUHL,LTBR,LIME,NCEN,NPWZ,NEP,OPTT,ORA,PWON,TRP,VWDRY,AEPT,XTEG,ZEON	Oils and Energy
Agriculture - Products	RKDA,BG,CALM,CZZ,DDEJF,GRWG,ONBI,RBCC,SYT,ANDE,WLMIY,YSYB	Basic Materials
Agriculture - Operations	AGRO,UAVS,ALCO,RYCE,ADM,BIOX,LND,CDZI,CVGW,CLXT,CLAD,CMCI,CHSCP,CTVA,CPKPY,CRESY,FAMI,FDP,AYAG,LMNR,MRGO,YTEN,AVO,SEED,PYX,RIBT,NNUTU,SVIN,SIAF,SANW,HERB,YEWB	Consumer Staples
Aerospace - Defense Equipment	AIR,AJRD,AVAV,AAIIQ,ADFS,APLD,APVS,ATRO,ATROB,ASTC,BAESY,BRSI,CAE,CVU,CW,DCO,ESLT,ETCC,HEI,HEI.A,HXL,ISSC,KTOS,MEGGY,MOG.A,MOG.B,OPXS,PKE,PSSR,RADA,RTX,RYCEY,SIF,SPR,TATT,TDY,TDG,TPAC,TGI,USAE,USGA	Aerospace
Aerospace - Defense	AIRI,EADSY,BUKS,CNRD,ERJ,FINMY,GD,HII,LHX,LDOS,LMT,MTUAY,NOC,SAFRY,TMPS,TXT,BA,SPCE	Aerospace
Advertising and Marketing	ADTM,ADST,YCBD,CNWHF,CNET,CCO,CMGO,COFI,UMGP,FLNT,VEND,HHS,HAVSF,HSTG,ISIG,IREP,IPG,JCDXF,MRIN,MMND,MDCA,YYYH,MOBQ,NCMI,GCI,MKGI,OMC,PVHO,PUBGY,SWWI,KSPN,VAPR,WPP	Consumer Discretionary
